Cluster	comparison	change	ID	Description	GeneRatio	BgRatio	pvalue	p.adjust	qvalue	geneID	Count
EEC_vs_goblet.up	EEC_vs_goblet	up	GO:0046879	hormone secretion	7/38	312/18670	2.75319759512371e-06	0.000967513244467089	0.000747169598530905	CHGA/GCG/SCT/CACNA1A/NEUROD1/SCG5/CPE	7
EEC_vs_goblet.up	EEC_vs_goblet	up	GO:0002065	columnar/cuboidal epithelial cell differentiation	5/38	112/18670	3.04383494482e-06	0.000967513244467089	0.000747169598530905	PYY/INSM1/NEUROD1/PAX6/MCOLN3	5
EEC_vs_goblet.up	EEC_vs_goblet	up	GO:0009914	hormone transport	7/38	322/18670	3.39081744556223e-06	0.000967513244467089	0.000747169598530905	CHGA/GCG/SCT/CACNA1A/NEUROD1/SCG5/CPE	7
EEC_vs_goblet.up	EEC_vs_goblet	up	GO:0019933	cAMP-mediated signaling	5/38	187/18670	3.66767259695122e-05	0.00386998783263992	0.00298862808521627	CHGA/GCG/SCT/GNG2/DEFB1	5
EEC_vs_goblet.up	EEC_vs_goblet	up	GO:0016486	peptide hormone processing	3/38	33/18670	4.06891244085973e-05	0.00386998783263992	0.00298862808521627	PCSK1N/SCG5/CPE	3
EEC_vs_goblet.up	EEC_vs_goblet	up	GO:0009950	dorsal/ventral axis specification	2/38	11/18670	0.00021930916863829	0.0125152432236251	0.0096649935371822	PAX6/CXXC4	2
EEC_vs_goblet.up	EEC_vs_goblet	up	GO:0021543	pallium development	4/38	172/18670	0.000402095095615679	0.0202466706968836	0.015635648300102	SCT/NEUROD1/PAX6/BNIP3	4
EEC_vs_goblet.up	EEC_vs_goblet	up	GO:0015844	monoamine transport	3/38	90/18670	0.000808795436758711	0.0294847931449821	0.0227698599299665	CHGA/SLC29A4/RAB3B	3
EEC_vs_goblet.up	EEC_vs_goblet	up	GO:0009713	catechol-containing compound biosynthetic process	2/38	21/18670	0.000826676443317255	0.0294847931449821	0.0227698599299665	INSM1/GCH1	2
EEC_vs_goblet.up	EEC_vs_goblet	up	GO:0042423	catecholamine biosynthetic process	2/38	21/18670	0.000826676443317255	0.0294847931449821	0.0227698599299665	INSM1/GCH1	2
EEC_vs_goblet.up	EEC_vs_goblet	up	GO:2000679	positive regulation of transcription regulatory region DNA binding	2/38	25/18670	0.00117492000168471	0.0372493156089672	0.0287660725558674	NEUROD1/PAX6	2
EEC_vs_goblet.up	EEC_vs_goblet	up	GO:0002021	response to dietary excess	2/38	27/18670	0.00137113417769518	0.0419175305752527	0.0323711377290442	PCSK1N/SCT	2
early_EEC_vs_EEC.down	early_EEC_vs_EEC	down	GO:0010273	detoxification of copper ion	7/108	15/18670	1.10232770428609e-12	1.19547439529826e-09	1.04779149154772e-09	MT1M/MT1F/MT1H/MT1X/MT1E/MT2A/MT1G	7
early_EEC_vs_EEC.down	early_EEC_vs_EEC	down	GO:1990169	stress response to copper ion	7/108	15/18670	1.10232770428609e-12	1.19547439529826e-09	1.04779149154772e-09	MT1M/MT1F/MT1H/MT1X/MT1E/MT2A/MT1G	7
early_EEC_vs_EEC.down	early_EEC_vs_EEC	down	GO:0061687	detoxification of inorganic compound	7/108	17/18670	3.30001037415056e-12	1.78943062538314e-09	1.56837335150419e-09	MT1M/MT1F/MT1H/MT1X/MT1E/MT2A/MT1G	7
early_EEC_vs_EEC.down	early_EEC_vs_EEC	down	GO:0071294	cellular response to zinc ion	7/108	23/18670	4.04315737389237e-11	1.75392166879451e-08	1.53725099310518e-08	MT1M/MT1F/MT1H/MT1X/MT1E/MT2A/MT1G	7
early_EEC_vs_EEC.down	early_EEC_vs_EEC	down	GO:0006882	cellular zinc ion homeostasis	7/108	36/18670	1.29437738134681e-09	3.50938067517654e-07	3.07584940883203e-07	MT1M/MT1F/MT1H/MT1X/MT1E/MT2A/MT1G	7
early_EEC_vs_EEC.down	early_EEC_vs_EEC	down	GO:0055069	zinc ion homeostasis	7/108	38/18670	1.93840277467353e-09	4.20439561826689e-07	3.68500569585305e-07	MT1M/MT1F/MT1H/MT1X/MT1E/MT2A/MT1G	7
early_EEC_vs_EEC.down	early_EEC_vs_EEC	down	GO:0030595	leukocyte chemotaxis	10/108	224/18670	7.02155380863101e-07	0.000108783930078005	9.53453096119369e-05	CXCL3/CCL15/GAS6/TRPM4/CCL20/LGALS9/C10orf99/CAMK1D/CD74/CHGA	10
early_EEC_vs_EEC.down	early_EEC_vs_EEC	down	GO:0002685	regulation of leukocyte migration	8/108	196/18670	1.83656980129066e-05	0.00189691423761878	0.00166257897801049	CCL28/ADTRP/GAS6/CCL20/LGALS9/C10orf99/CAMK1D/CD74	8
early_EEC_vs_EEC.down	early_EEC_vs_EEC	down	GO:2001198	regulation of dendritic cell differentiation	3/108	12/18670	3.98716889104047e-05	0.00393098605666672	0.00344537177857373	LGALS9/TMEM176B/TMEM176A	3
early_EEC_vs_EEC.down	early_EEC_vs_EEC	down	GO:0070372	regulation of ERK1 and ERK2 cascade	9/108	300/18670	6.16387191659787e-05	0.00557059924462533	0.00488243538656831	CCL15/GAS6/PLA2G2A/CCL20/NDRG2/LGALS9/CD74/KLF4/ATF3	9
early_EEC_vs_EEC.down	early_EEC_vs_EEC	down	GO:0051048	negative regulation of secretion	8/108	238/18670	7.29498040068258e-05	0.00632912499563221	0.00554725667521378	CARD16/ADTRP/GAS6/LGALS9/FAM3D/CD74/SCT/CHGA	8
early_EEC_vs_EEC.down	early_EEC_vs_EEC	down	GO:0019730	antimicrobial humoral response	6/108	122/18670	7.64674299235448e-05	0.00637914828862187	0.00559110034177821	CXCL3/DEFB1/PLA2G2A/SLPI/LCN2/CHGA	6
early_EEC_vs_EEC.down	early_EEC_vs_EEC	down	GO:0045926	negative regulation of growth	8/108	249/18670	9.99080323887209e-05	0.00748422040946412	0.00655965740190348	PLAC8/MT1M/MT1F/MT1H/MT1X/MT1E/MT2A/MT1G	8
early_EEC_vs_EEC.down	early_EEC_vs_EEC	down	GO:0097028	dendritic cell differentiation	4/108	42/18670	0.000100065648628151	0.00748422040946412	0.00655965740190348	GAS6/LGALS9/TMEM176B/TMEM176A	4
early_EEC_vs_EEC.down	early_EEC_vs_EEC	down	GO:0042742	defense response to bacterium	9/108	330/18670	0.00012734753260676	0.00920722660746873	0.00806981206623888	DEFB1/PLA2G2A/PLAC8/SLPI/CCL20/C10orf99/LCN2/LYPD8/CHGA	9
early_EEC_vs_EEC.down	early_EEC_vs_EEC	down	GO:0030277	maintenance of gastrointestinal epithelium	3/108	21/18670	0.000232071286264283	0.0152534127244615	0.0133690827111099	MUC2/MUC4/NEUROD1	3
early_EEC_vs_EEC.down	early_EEC_vs_EEC	down	GO:0022600	digestive system process	5/108	100/18670	0.000287221170131665	0.0183230211181053	0.0160594870977643	FABP2/MUC2/MUC4/NEUROD1/SCT	5
early_EEC_vs_EEC.down	early_EEC_vs_EEC	down	GO:0006614	SRP-dependent cotranslational protein targeting to membrane	5/108	105/18670	0.000360060768121376	0.0211073461096018	0.0184998505612292	RPS29/RPL36A/RPS4Y1/RPL17/RPS17	5
early_EEC_vs_EEC.down	early_EEC_vs_EEC	down	GO:2000679	positive regulation of transcription regulatory region DNA binding	3/108	25/18670	0.000394628398172507	0.0225249735693728	0.0197423514432007	PAX6/NEUROD1/KLF4	3
early_EEC_vs_EEC.down	early_EEC_vs_EEC	down	GO:0042593	glucose homeostasis	7/108	241/18670	0.00050502514928138	0.0255166809821735	0.0223644783450075	GAS6/TRPM4/BACE2/PCK1/HK2/PAX6/NEUROD1	7
early_EEC_vs_EEC.down	early_EEC_vs_EEC	down	GO:0033500	carbohydrate homeostasis	7/108	242/18670	0.00051762746114137	0.0255166809821735	0.0223644783450075	GAS6/TRPM4/BACE2/PCK1/HK2/PAX6/NEUROD1	7
early_EEC_vs_EEC.down	early_EEC_vs_EEC	down	GO:0000184	nuclear-transcribed mRNA catabolic process, nonsense-mediated decay	5/108	120/18670	0.000663629639935572	0.0287298540376848	0.0251807121361087	RPS29/RPL36A/RPS4Y1/RPL17/RPS17	5
early_EEC_vs_EEC.down	early_EEC_vs_EEC	down	GO:0046596	regulation of viral entry into host cell	3/108	30/18670	0.000682119006567913	0.0287298540376848	0.0251807121361087	TMPRSS2/LGALS9/CD74	3
early_EEC_vs_EEC.down	early_EEC_vs_EEC	down	GO:0061082	myeloid leukocyte cytokine production	3/108	30/18670	0.000682119006567913	0.0287298540376848	0.0251807121361087	GAS6/CD74/CHGA	3
early_EEC_vs_EEC.down	early_EEC_vs_EEC	down	GO:0046718	viral entry into host cell	5/108	121/18670	0.000689085803262112	0.0287298540376848	0.0251807121361087	TMPRSS2/ANPEP/GAS6/LGALS9/CD74	5
early_EEC_vs_EEC.down	early_EEC_vs_EEC	down	GO:0016042	lipid catabolic process	8/108	333/18670	0.000706215975875343	0.0287298540376848	0.0251807121361087	CES3/FABP2/ADTRP/PLA2G10/PCK1/PLA2G2A/ACADS/SCT	8
early_EEC_vs_EEC.down	early_EEC_vs_EEC	down	GO:0072599	establishment of protein localization to endoplasmic reticulum	5/108	122/18670	0.000715266075627008	0.0287298540376848	0.0251807121361087	RPS29/RPL36A/RPS4Y1/RPL17/RPS17	5
early_EEC_vs_EEC.down	early_EEC_vs_EEC	down	GO:0071496	cellular response to external stimulus	8/108	339/18670	0.000793024173559046	0.0307155255794566	0.0269210837866097	GAS6/TRPM4/PCK1/BNIP3/LCN2/NR4A2/GABARAP/ATF3	8
early_EEC_vs_EEC.down	early_EEC_vs_EEC	down	GO:1903038	negative regulation of leukocyte cell-cell adhesion	5/108	129/18670	0.000919908325918715	0.0344013992916843	0.030151623168951	CCL28/ADTRP/LGALS9/CD74/KLF4	5
early_EEC_vs_EEC.down	early_EEC_vs_EEC	down	GO:0031668	cellular response to extracellular stimulus	7/108	268/18670	0.000943811786972884	0.034697080778715	0.030410777649831	GAS6/TRPM4/PCK1/LCN2/NR4A2/GABARAP/ATF3	7
early_EEC_vs_EEC.down	early_EEC_vs_EEC	down	GO:0019932	second-messenger-mediated signaling	9/108	439/18670	0.00101553885701964	0.0363968787101854	0.0319005910803401	DEFB1/TRPM4/CHP2/GNG2/CCL20/NEUROD1/SCT/MT2A/CHGA	9
early_EEC_vs_EEC.down	early_EEC_vs_EEC	down	GO:0097048	dendritic cell apoptotic process	2/108	10/18670	0.00144743101273171	0.0436038592585428	0.038217257441425	GAS6/LGALS9	2
early_EEC_vs_EEC.down	early_EEC_vs_EEC	down	GO:2000668	regulation of dendritic cell apoptotic process	2/108	10/18670	0.00144743101273171	0.0436038592585428	0.038217257441425	GAS6/LGALS9	2
early_EEC_vs_goblet.down	early_EEC_vs_goblet	down	GO:0010273	detoxification of copper ion	7/187	15/18670	5.43420575642112e-11	7.76276292304757e-08	6.91288174382623e-08	MT1M/MT1F/MT1X/MT1H/MT1E/MT2A/MT1G	7
early_EEC_vs_goblet.down	early_EEC_vs_goblet	down	GO:1990169	stress response to copper ion	7/187	15/18670	5.43420575642112e-11	7.76276292304757e-08	6.91288174382623e-08	MT1M/MT1F/MT1X/MT1H/MT1E/MT2A/MT1G	7
early_EEC_vs_goblet.down	early_EEC_vs_goblet	down	GO:0071276	cellular response to cadmium ion	9/187	37/18670	8.17063555897595e-11	7.78116859733143e-08	6.92927233194557e-08	JUN/GSN/MT1M/MT1F/MT1X/MT1H/MT1E/MT2A/MT1G	9
early_EEC_vs_goblet.down	early_EEC_vs_goblet	down	GO:0061687	detoxification of inorganic compound	7/187	17/18670	1.614755460098e-10	9.22671269899995e-08	8.21655567801443e-08	MT1M/MT1F/MT1X/MT1H/MT1E/MT2A/MT1G	7
early_EEC_vs_goblet.down	early_EEC_vs_goblet	down	GO:0006882	cellular zinc ion homeostasis	8/187	36/18670	2.07564049987466e-09	8.47157844020273e-07	7.54409486946927e-07	SLC39A8/MT1M/MT1F/MT1X/MT1H/MT1E/MT2A/MT1G	8
early_EEC_vs_goblet.down	early_EEC_vs_goblet	down	GO:0055069	zinc ion homeostasis	8/187	38/18670	3.29757019606355e-09	1.04679533890595e-06	9.32190311565568e-07	SLC39A8/MT1M/MT1F/MT1X/MT1H/MT1E/MT2A/MT1G	8
early_EEC_vs_goblet.down	early_EEC_vs_goblet	down	GO:0019083	viral transcription	12/187	177/18670	2.29273870225312e-07	5.45862872694764e-05	4.86100828363667e-05	RPL41/JUN/RPL36/ZFP36/RPL31/RPS10/IFITM3/RPS4Y1/RPS29/RPL36A/RPL17/RPS17	12
early_EEC_vs_goblet.down	early_EEC_vs_goblet	down	GO:0070972	protein localization to endoplasmic reticulum	11/187	147/18670	2.74922029557028e-07	5.61037313174593e-05	4.99613943939352e-05	RPL41/KDELR2/RPL36/KDELR3/RPL31/RPS10/RPS4Y1/RPS29/RPL36A/RPL17/RPS17	11
early_EEC_vs_goblet.down	early_EEC_vs_goblet	down	GO:0046596	regulation of viral entry into host cell	6/187	30/18670	4.53001163621734e-07	8.62816216311528e-05	7.68353552613144e-05	TMPRSS2/IFITM2/CD74/LGALS9/IFITM3/GSN	6
early_EEC_vs_goblet.down	early_EEC_vs_goblet	down	GO:0019080	viral gene expression	12/187	191/18670	5.20800555701201e-07	9.29954492273957e-05	8.28141409953818e-05	RPL41/JUN/RPL36/ZFP36/RPL31/RPS10/IFITM3/RPS4Y1/RPS29/RPL36A/RPL17/RPS17	12
early_EEC_vs_goblet.down	early_EEC_vs_goblet	down	GO:0006614	SRP-dependent cotranslational protein targeting to membrane	9/187	105/18670	1.09985746932002e-06	0.000184840752343958	0.000164604055934767	RPL41/RPL36/RPL31/RPS10/RPS4Y1/RPS29/RPL36A/RPL17/RPS17	9
early_EEC_vs_goblet.down	early_EEC_vs_goblet	down	GO:0060326	cell chemotaxis	14/187	304/18670	2.4393290998056e-06	0.000338489525432051	0.000301431086332468	TRPM4/NR4A1/HBEGF/HSPB1/CD74/LGALS9/CXCL3/DUSP1/CCL15/TMSB4X/C10orf99/SLC12A2/CCL20/LGALS3	14
early_EEC_vs_goblet.down	early_EEC_vs_goblet	down	GO:0016266	O-glycan processing	7/187	61/18670	2.49752414928347e-06	0.000338489525432051	0.000301431086332468	GALNT7/GALNT12/GALNT5/MUC4/MUC1/MUC5AC/MUC2	7
early_EEC_vs_goblet.down	early_EEC_vs_goblet	down	GO:0006401	RNA catabolic process	16/187	397/18670	2.60649967081033e-06	0.000338489525432051	0.000301431086332468	RPL41/PSMB9/PSME2/HSPB1/RPL36/ERN2/ZFP36/HSPA1A/RPL31/ZFP36L1/RPS10/RPS4Y1/RPS29/RPL36A/RPL17/RPS17	16
early_EEC_vs_goblet.down	early_EEC_vs_goblet	down	GO:0032530	regulation of microvillus organization	4/187	13/18670	6.49338122242917e-06	0.000687095931573338	0.000611871439166133	CDHR5/ATP8B1/KLF5/RAP1GAP	4
early_EEC_vs_goblet.down	early_EEC_vs_goblet	down	GO:0071356	cellular response to tumor necrosis factor	13/187	291/18670	7.82861530296801e-06	0.000752869876696632	0.000670444335049927	PSMB9/ASS1/PSME2/PCK1/ZFP36/CCL15/NFKBIA/HSPA1A/TMSB4X/ZFP36L1/KRT18/LCN2/CCL20	13
early_EEC_vs_goblet.down	early_EEC_vs_goblet	down	GO:0006119	oxidative phosphorylation	9/187	145/18670	1.57426207452715e-05	0.00145086024094324	0.00129201746490055	COX7C/NDUFA1/UQCR11/NDUFA7/NDUFA13/NDUFB1/NUPR1/ATP5ME/CHCHD10	9
early_EEC_vs_goblet.down	early_EEC_vs_goblet	down	GO:0034612	response to tumor necrosis factor	13/187	312/18670	1.64400753997408e-05	0.00146779048178311	0.00130709415267018	PSMB9/ASS1/PSME2/PCK1/ZFP36/CCL15/NFKBIA/HSPA1A/TMSB4X/ZFP36L1/KRT18/LCN2/CCL20	13
early_EEC_vs_goblet.down	early_EEC_vs_goblet	down	GO:1903706	regulation of hemopoiesis	16/187	475/18670	2.45189818590434e-05	0.00200144946203677	0.00178232719258069	JUN/PSMB9/PSME2/CD74/LGALS9/ZFP36/TMEM176B/TCIM/NFKBIA/HSPA1A/TMEM176A/IRF1/ZFP36L1/HES1/LGALS3/CA2	16
early_EEC_vs_goblet.down	early_EEC_vs_goblet	down	GO:0006413	translational initiation	10/187	193/18670	2.55931096985476e-05	0.00203109762246529	0.00180872941933887	RPL41/HSPB1/RPL36/RPL31/RPS10/RPS4Y1/RPS29/RPL36A/RPL17/RPS17	10
early_EEC_vs_goblet.down	early_EEC_vs_goblet	down	GO:0034341	response to interferon-gamma	10/187	199/18670	3.32514961429112e-05	0.00249998748632361	0.00222628438164588	ASS1/IFITM2/LGALS9/CCL15/IRF1/CCL20/HLA-B/IFITM3/GSN/MT2A	10
early_EEC_vs_goblet.down	early_EEC_vs_goblet	down	GO:0043620	regulation of DNA-templated transcription in response to stress	8/187	127/18670	4.23400934226771e-05	0.00310168325406637	0.00276210541977356	JUN/PSMB9/PSME2/TCIM/HSPA1A/MUC1/ATF3/CREB3L1	8
early_EEC_vs_goblet.down	early_EEC_vs_goblet	down	GO:0002758	innate immune response-activating signal transduction	12/187	298/18670	4.87025271806907e-05	0.00347857800388084	0.00309773705778236	PSMB9/PSME2/DDX60/IFIH1/CTSS/MUC4/NFKBIA/HSPA1A/IRF1/MUC1/MUC5AC/MUC2	12
early_EEC_vs_goblet.down	early_EEC_vs_goblet	down	GO:2001233	regulation of apoptotic signaling pathway	14/187	406/18670	6.23110741745158e-05	0.00395606086481315	0.00352294424046327	HSPB1/CD74/LGALS9/TNFSF10/NDUFA13/HSPA1A/NUPR1/ITM2C/LGALS3/CHCHD10/MUC1/GSN/ATF3/CREB3L1	14
early_EEC_vs_goblet.down	early_EEC_vs_goblet	down	GO:0032528	microvillus organization	4/187	24/18670	8.85260922034337e-05	0.00524091852074448	0.00466713338048354	CDHR5/ATP8B1/KLF5/RAP1GAP	4
early_EEC_vs_goblet.down	early_EEC_vs_goblet	down	GO:0097191	extrinsic apoptotic signaling pathway	10/187	224/18670	8.98862469431149e-05	0.00524091852074448	0.00466713338048354	IFI27/TNFSF10/NDUFA13/HSPA1A/ITM2C/KRT18/LCN2/GABARAP/LGALS3/ATF3	10
early_EEC_vs_goblet.down	early_EEC_vs_goblet	down	GO:0045657	positive regulation of monocyte differentiation	3/187	10/18670	0.000112672378544849	0.00625881475221753	0.00557358851062387	JUN/CD74/ZFP36L1	3
early_EEC_vs_goblet.down	early_EEC_vs_goblet	down	GO:0009101	glycoprotein biosynthetic process	12/187	348/18670	0.000209935321784142	0.0103279772164456	0.00919725178495995	UGDH/GALNT7/HBEGF/BACE2/GALNT12/GALNT5/MUC4/ITM2C/MUC1/MUC5AC/ST6GALNAC1/MUC2	12
early_EEC_vs_goblet.down	early_EEC_vs_goblet	down	GO:0045926	negative regulation of growth	10/187	249/18670	0.000213283393689286	0.0103279772164456	0.00919725178495995	PLAC8/NDUFA13/HSPA1A/MT1M/MT1F/MT1X/MT1H/MT1E/MT2A/MT1G	10
early_EEC_vs_goblet.down	early_EEC_vs_goblet	down	GO:0006986	response to unfolded protein	8/187	176/18670	0.000405235796604454	0.0173612421391005	0.0154605022751896	WIPI1/HSPB1/ERN2/KDELR3/HSPA1A/ATF3/CREB3L1/AGR2	8
early_EEC_vs_goblet.down	early_EEC_vs_goblet	down	GO:0046683	response to organophosphorus	7/187	134/18670	0.000406987829322994	0.0173612421391005	0.0154605022751896	TRPM4/JUN/ASS1/PCK1/DUSP1/ZFP36L1/FOSB	7
early_EEC_vs_goblet.down	early_EEC_vs_goblet	down	GO:0010561	negative regulation of glycoprotein biosynthetic process	3/187	15/18670	0.000411719541595655	0.0173612421391005	0.0154605022751896	HBEGF/BACE2/ITM2C	3
early_EEC_vs_goblet.down	early_EEC_vs_goblet	down	GO:0009123	nucleoside monophosphate metabolic process	12/187	375/18670	0.000413218223821782	0.0173612421391005	0.0154605022751896	COX7C/NDUFA1/ENTPD8/UQCR11/NDUFA7/NDUFA13/NDUFB1/HSPA1A/NUPR1/TMSB4X/ATP5ME/CHCHD10	12
early_EEC_vs_goblet.down	early_EEC_vs_goblet	down	GO:0051591	response to cAMP	6/187	97/18670	0.000432856339594111	0.017655606021659	0.0157226386730099	JUN/ASS1/PCK1/DUSP1/ZFP36L1/FOSB	6
early_EEC_vs_goblet.down	early_EEC_vs_goblet	down	GO:0030224	monocyte differentiation	4/187	36/18670	0.000446812447920386	0.017655606021659	0.0157226386730099	JUN/CD74/ZFP36L1/MT1G	4
early_EEC_vs_goblet.down	early_EEC_vs_goblet	down	GO:1903131	mononuclear cell differentiation	4/187	36/18670	0.000446812447920386	0.017655606021659	0.0157226386730099	JUN/CD74/ZFP36L1/MT1G	4
early_EEC_vs_goblet.down	early_EEC_vs_goblet	down	GO:0034620	cellular response to unfolded protein	7/187	140/18670	0.00052962619774878	0.0191536967970666	0.0170567157889247	WIPI1/ERN2/KDELR3/HSPA1A/ATF3/CREB3L1/AGR2	7
early_EEC_vs_goblet.down	early_EEC_vs_goblet	down	GO:0022900	electron transport chain	8/187	186/18670	0.000584562101479342	0.0206184435052652	0.0183610994057904	COX7C/NDUFA1/UQCR11/NDUFA7/NDUFA13/NDUFB1/SH3BGRL3/C15orf48	8
early_EEC_vs_goblet.down	early_EEC_vs_goblet	down	GO:0032677	regulation of interleukin-8 production	5/187	74/18670	0.000880095622190253	0.0276311339845885	0.0246060279795702	CD74/LGALS9/HSPA1A/TMSB4X/KLF4	5
early_EEC_vs_goblet.down	early_EEC_vs_goblet	down	GO:0030277	maintenance of gastrointestinal epithelium	3/187	21/18670	0.00115142569159246	0.032783309903237	0.0291941344568737	MUC4/TFF3/MUC2	3
early_EEC_vs_goblet.down	early_EEC_vs_goblet	down	GO:0071498	cellular response to fluid shear stress	3/187	21/18670	0.00115142569159246	0.032783309903237	0.0291941344568737	ASS1/CA2/KLF4	3
early_EEC_vs_goblet.down	early_EEC_vs_goblet	down	GO:0051701	interaction with host	8/187	209/18670	0.00124453116948322	0.0340222436948344	0.0302974275594255	TMPRSS2/ANPEP/IFITM2/CD74/LGALS9/HSPA1A/IFITM3/GSN	8
early_EEC_vs_goblet.down	early_EEC_vs_goblet	down	GO:0031960	response to corticosteroid	7/187	162/18670	0.0012503799747839	0.0340222436948344	0.0302974275594255	ENG/ASS1/PCK1/ZFP36/DUSP1/ZFP36L1/FOSB	7
early_EEC_vs_goblet.down	early_EEC_vs_goblet	down	GO:0030968	endoplasmic reticulum unfolded protein response	6/187	121/18670	0.0013820048346323	0.0369792549625185	0.0329306999408313	WIPI1/ERN2/KDELR3/ATF3/CREB3L1/AGR2	6
early_EEC_vs_goblet.down	early_EEC_vs_goblet	down	GO:0032637	interleukin-8 production	5/187	82/18670	0.00139788573186979	0.0369792549625185	0.0329306999408313	CD74/LGALS9/HSPA1A/TMSB4X/KLF4	5
early_EEC_vs_goblet.down	early_EEC_vs_goblet	down	GO:0009615	response to virus	10/187	326/18670	0.00170498644542298	0.0437224565218763	0.038935643723956	HSPB1/DDX60/IFI27/IFITM2/IFIH1/LGALS9/EEF1G/IRF1/LCN2/IFITM3	10
early_EEC_vs_goblet.down	early_EEC_vs_goblet	down	GO:0032897	negative regulation of viral transcription	3/187	24/18670	0.00171400599595735	0.0437224565218763	0.038935643723956	JUN/ZFP36/IFITM3	3
early_EEC_vs_goblet.down	early_EEC_vs_goblet	down	GO:0045444	fat cell differentiation	8/187	223/18670	0.00187418578134106	0.0473853874096585	0.0421975503819408	TRPM4/NR4A1/PLAC8/ZFP36/KLF5/ZFP36L1/HES1/KLF4	8
early_EEC_vs_goblet.down	early_EEC_vs_goblet	down	GO:1903038	negative regulation of leukocyte cell-cell adhesion	6/187	129/18670	0.00191550389433808	0.0480052160186308	0.0427495190453846	ASS1/CD74/LGALS9/IRF1/LGALS3/KLF4	6
early_EEC_vs_goblet.down	early_EEC_vs_goblet	down	GO:0038066	p38MAPK cascade	4/187	53/18670	0.00194599382109405	0.0483452551901365	0.0430523301197649	LGALS9/ZFP36/DUSP1/ZFP36L1	4
early_EEC_vs_goblet.up	early_EEC_vs_goblet	up	GO:1903311	regulation of mRNA metabolic process	54/863	324/18670	1.71920686152345e-16	8.63901447915535e-13	7.53012605347273e-13	DDX5/ROCK1/SET/RBM4/PCBP4/MYEF2/FXR1/RBFOX2/CELF3/HNRNPU/DHX36/TNRC6B/APEX1/CIRBP/HNRNPA0/RBM15B/CARHSP1/PAIP1/CNOT7/KHDRBS1/PSMD2/RBMX/HSPA8/PSMD4/UBB/ANP32A/TNPO1/PUM1/SNRNP70/HNRNPK/SECISBP2/CELF1/HNRNPR/PSMC5/SAMD4B/CPSF6/PSMB4/YTHDF2/PSMB1/RBM38/DHX9/DDX17/TIA1/XPO1/SRSF9/SAP18/SRSF6/IWS1/SYNCRIP/PSMB3/SREK1/SRSF5/HNRNPA1/ELAVL1	54
early_EEC_vs_goblet.up	early_EEC_vs_goblet	up	GO:0008380	RNA splicing	63/863	469/18670	2.13183993260703e-14	5.35624783067517e-11	4.6687294524094e-11	DDX5/ZC3H13/RSRC1/RBM4/NONO/DHX40/RBFOX2/LUC7L3/CELF3/KDM1A/ZNF326/ZMAT2/PSIP1/HNRNPU/HNRNPA3/IK/ZNF638/CIRBP/HNRNPA0/RBM15B/DDX39B/PNN/KHDRBS1/RBMX/SF1/HSPA8/RPS26/SNRNP70/SUGP2/HNRNPK/HNRNPH1/PRPF40A/CELF1/SF3B1/HNRNPR/HNRNPUL1/RALY/RBM38/DHX9/DDX17/SNRPD3/TIA1/RP9/SLU7/STRAP/SFPQ/SRSF9/SRRM2/SAP18/SRSF6/HNRNPH2/IWS1/SYNCRIP/WBP4/SREK1/LUC7L/U2SURP/SRSF5/HNRNPA1/PTBP2/FUS/CDK13/ELAVL1	63
early_EEC_vs_goblet.up	early_EEC_vs_goblet	up	GO:0006338	chromatin remodeling	34/863	182/18670	2.71621199344005e-12	1.94985218100518e-09	1.69957264732392e-09	HMGB3/CHD7/CHD4/BAZ2B/SMARCA1/HDAC2/BPTF/CDKN2A/SMARCE1/KDM5B/ATRX/SMARCC1/SMARCC2/ACTL6A/RSF1/SMARCA5/HMGB1/ARID1B/KDM6B/NASP/SMARCA4/TPR/RERE/RBBP4/PTMA/KDM5A/BAZ1B/ARID1A/SUPT4H1/RUVBL1/SMARCD1/TOP1/HDAC5/HMGB2	34
early_EEC_vs_goblet.up	early_EEC_vs_goblet	up	GO:0043488	regulation of mRNA stability	31/863	177/18670	1.38388558807716e-10	6.32184098189794e-08	5.51038079616179e-08	ROCK1/SET/PCBP4/MYEF2/FXR1/HNRNPU/DHX36/APEX1/CIRBP/HNRNPA0/CARHSP1/PAIP1/PSMD2/HSPA8/PSMD4/UBB/ANP32A/TNPO1/PUM1/HNRNPR/PSMC5/SAMD4B/PSMB4/YTHDF2/PSMB1/RBM38/DHX9/XPO1/SYNCRIP/PSMB3/ELAVL1	31
early_EEC_vs_goblet.up	early_EEC_vs_goblet	up	GO:0006403	RNA localization	34/863	230/18670	1.91903146758788e-09	6.88795223187792e-07	6.00382702002493e-07	CETN2/UPF3A/CCT3/HNRNPU/ZNHIT3/HNRNPA3/DHX36/TPR/RBM15B/CCT6A/DDX39B/CCT2/ENY2/KHDRBS1/CCT7/RANBP2/CKAP5/CCT4/CCT8/SSB/CPSF6/DHX9/RUVBL1/SLU7/FYTTD1/XPO1/SFPQ/SRSF9/SRSF6/CCT5/IWS1/G3BP2/SRSF5/HNRNPA1	34
early_EEC_vs_goblet.up	early_EEC_vs_goblet	up	GO:0060271	cilium assembly	45/863	366/18670	2.19088908625422e-09	7.33947843895163e-07	6.39739613186232e-07	TUBA1A/RFX3/ONECUT2/FNBP1L/PCM1/CETN2/TUBB/IFT81/ARL3/IFT22/KIF3A/DYNLL1/IFT57/YWHAE/LRRC49/RAB3IP/YWHAG/LAMA5/DCTN3/DYNC1H1/KIF3B/CLUAP1/CEP126/CKAP5/TNPO1/SYNE2/CNTRL/DYNC2H1/DCTN2/HSPB11/CEP97/DNAH7/TMEM67/ODF2L/ASAP1/ATP6V1D/RAB11A/LRRC61/ATXN10/CFAP20/AKAP9/DYNC1I2/IFT88/NPHP1/KIFAP3	45
early_EEC_vs_goblet.up	early_EEC_vs_goblet	up	GO:0033044	regulation of chromosome organization	43/863	342/18670	2.52538867805149e-09	7.93129881700546e-07	6.91325150616596e-07	EID1/MAD1L1/XRCC5/SET/ATRX/KDM1A/CCT3/HNRNPU/BRD7/IK/DHX36/TPR/PARP1/CCT6A/KDM5A/TERF2IP/MLLT6/RAD21/CCT2/MTF2/NIPBL/CCT7/MPHOSPH8/NUMA1/HDAC8/TRIM28/CCT4/CCT8/KMT2E/KMT2A/TNKS2/SENP6/ASF1A/TAF7/LCMT1/CUL3/ZNF207/SFPQ/RTF1/CCT5/IWS1/YLPM1/HNRNPA1	43
early_EEC_vs_goblet.up	early_EEC_vs_goblet	up	GO:0044782	cilium organization	46/863	384/18670	3.35234310441743e-09	9.72801878807728e-07	8.47934771975691e-07	TUBA1A/RFX3/ONECUT2/FNBP1L/PCM1/CETN2/TUBB/IFT81/ARL3/IFT22/KIF3A/DYNLL1/IFT57/YWHAE/LRRC49/RAB3IP/YWHAG/LAMA5/DCTN3/DYNC1H1/KIF3B/CLUAP1/CEP126/CKAP5/TNPO1/SYNE2/CNTRL/DYNC2H1/KIF19/DCTN2/HSPB11/CEP97/DNAH7/TMEM67/ODF2L/ASAP1/ATP6V1D/RAB11A/LRRC61/ATXN10/CFAP20/AKAP9/DYNC1I2/IFT88/NPHP1/KIFAP3	46
early_EEC_vs_goblet.up	early_EEC_vs_goblet	up	GO:0000086	G2/M transition of mitotic cell cycle	35/863	247/18670	3.48466344647544e-09	9.72801878807728e-07	8.47934771975691e-07	TUBA1A/PCM1/CETN2/TAOK1/TUBB/SKP1/PLCB1/DYNLL1/YWHAE/YWHAG/NAE1/RAD21/PHLDA1/DCTN3/KHDRBS1/PSMD2/DYNC1H1/PSMD4/PPP1CB/CKAP5/PBX1/CNTRL/DCTN2/PSMC5/PSMB4/PSMB1/LCMT1/RAB11A/CDKN2B/USP47/PPME1/PSMB3/AKAP9/FBXL15/DYNC1I2	35
early_EEC_vs_goblet.up	early_EEC_vs_goblet	up	GO:0030705	cytoskeleton-dependent intracellular transport	29/863	180/18670	4.04353594635387e-09	1.06940884896991e-06	9.32141444475261e-07	TUBA1A/CNIH2/FNBP1L/MAP1B/PCM1/TUBB/IFT81/MYO10/ARL3/IFT22/KIF3A/HNRNPU/DYNLL1/IFT57/TRAK1/DYNC1H1/HSPA8/KIF3B/UBB/CLUAP1/TNPO1/SYNE2/DYNC2H1/WASF1/HSPB11/KIF1B/SFPQ/IFT88/KIFAP3	29
early_EEC_vs_goblet.up	early_EEC_vs_goblet	up	GO:0010948	negative regulation of cell cycle process	44/863	361/18670	4.33608491549585e-09	1.08944133501833e-06	9.49602596493591e-07	SOX4/MLXIPL/BMP4/MAD1L1/CDKN2A/ATRX/PCBP4/TAOK1/TFDP2/SKP1/MDM2/SUSD2/E2F7/BRD7/PCGF2/IK/TPR/HSP90AB1/STAG2/NAE1/RPL23/RBBP4/RAD21/ARID3A/PRKDC/CNOT7/PSMD2/PRMT1/PSMD4/EPC1/PRKAR1A/PSMC5/PSMB4/TMEM67/PSMB1/SUZ12/LCMT1/ZNF207/CDKN2B/EHMT1/USP47/PSMB3/EHMT2/EP300	44
early_EEC_vs_goblet.up	early_EEC_vs_goblet	up	GO:1901990	regulation of mitotic cell cycle phase transition	50/863	444/18670	5.65334619974916e-09	1.3527649835114e-06	1.17912649309054e-06	TUBA1A/SOX4/CDKN1C/MAD1L1/PCM1/CDKN2A/PCBP4/CETN2/TAOK1/TFDP2/TUBB/SKP1/MDM2/E2F7/PLCB1/DYNLL1/YWHAE/BRD7/IK/TPR/APEX1/YWHAG/NAE1/RAD21/DCTN3/ARID3A/PRKDC/CNOT7/PSMD2/DYNC1H1/PRMT1/PSMD4/CKAP5/PBX1/CNTRL/DCTN2/PSMC5/KMT2E/PSMB4/PSMB1/LCMT1/CUL3/ZNF207/RAB11A/CDKN2B/USP47/PSMB3/AKAP9/DYNC1I2/EP300	50
early_EEC_vs_goblet.up	early_EEC_vs_goblet	up	GO:0035735	intraciliary transport involved in cilium assembly	13/863	40/18670	1.51499744166212e-08	3.30994006276181e-06	2.88508208455656e-06	PCM1/IFT81/IFT22/KIF3A/DYNLL1/IFT57/KIF3B/CLUAP1/TNPO1/DYNC2H1/HSPB11/IFT88/KIFAP3	13
early_EEC_vs_goblet.up	early_EEC_vs_goblet	up	GO:0070198	protein localization to chromosome, telomeric region	11/863	28/18670	2.01345086783922e-08	3.89138100418926e-06	3.39189030812914e-06	XRCC5/ATRX/CCT3/CCT6A/TERF2IP/CCT2/CCT7/CCT4/CCT8/TNKS2/CCT5	11
early_EEC_vs_goblet.up	early_EEC_vs_goblet	up	GO:1904851	positive regulation of establishment of protein localization to telomere	7/863	10/18670	4.67527877949495e-08	7.34164870842567e-06	6.39928782943372e-06	CCT3/CCT6A/CCT2/CCT7/CCT4/CCT8/CCT5	7
early_EEC_vs_goblet.up	early_EEC_vs_goblet	up	GO:0097711	ciliary basal body-plasma membrane docking	19/863	95/18670	5.71664602583767e-08	8.704892812071e-06	7.58754836156636e-06	TUBA1A/PCM1/CETN2/TUBB/DYNLL1/YWHAE/RAB3IP/YWHAG/DCTN3/DYNC1H1/CKAP5/CNTRL/DCTN2/CEP97/TMEM67/RAB11A/AKAP9/DYNC1I2/NPHP1	19
early_EEC_vs_goblet.up	early_EEC_vs_goblet	up	GO:0006457	protein folding	31/863	227/18670	6.48843791586552e-08	9.58952956683066e-06	8.35863472690912e-06	TBCC/GNAI2/CCT3/DNAJA1/DNAJB6/HSP90AB1/CCT6A/DNAJC7/CCT2/CSNK2A1/GNAI3/HSPA8/CCT7/PFDN5/RANBP2/UBXN1/SNRNP70/PFDN4/DNAJA2/CCT4/CCT8/ST13/PFDN1/HSPH1/VBP1/GNB1/PPIB/DNAJC4/CCT5/EMC4/ERP29	31
early_EEC_vs_goblet.up	early_EEC_vs_goblet	up	GO:0072331	signal transduction by p53 class mediator	34/863	267/18670	8.65333960643645e-08	1.20786198673175e-05	1.05282298544977e-05	SOX4/CHD4/DDX5/HDAC2/ATRX/PCBP4/TFDP2/TP53INP1/MDM2/KDM1A/E2F7/BRD7/MYO6/TRIM24/RPL23/RBBP4/TAF15/ARID3A/CSNK2A1/CNOT7/PERP/PRMT1/UBB/SSRP1/HNRNPK/BAG6/JMY/TAF7/EHMT1/TP53BP2/TAF11/ING4/EHMT2/EP300	34
early_EEC_vs_goblet.up	early_EEC_vs_goblet	up	GO:1904874	positive regulation of telomerase RNA localization to Cajal body	8/863	15/18670	9.72283652773129e-08	1.28262050128718e-05	1.1179856309727e-05	CCT3/CCT6A/CCT2/CCT7/CCT4/CCT8/RUVBL1/CCT5	8
early_EEC_vs_goblet.up	early_EEC_vs_goblet	up	GO:0099111	microtubule-based transport	25/863	161/18670	9.95466657715421e-08	1.28262050128718e-05	1.1179856309727e-05	CNIH2/MAP1B/PCM1/IFT81/ARL3/IFT22/KIF3A/HNRNPU/DYNLL1/IFT57/TRAK1/DYNC1H1/HSPA8/KIF3B/UBB/CLUAP1/TNPO1/SYNE2/DYNC2H1/WASF1/HSPB11/KIF1B/SFPQ/IFT88/KIFAP3	25
early_EEC_vs_goblet.up	early_EEC_vs_goblet	up	GO:0032986	protein-DNA complex disassembly	9/863	21/18670	1.64434944415552e-07	1.92159440857709e-05	1.67494199195376e-05	SMARCE1/SET/SMARCC1/SMARCC2/SMARCA4/RPL23/ARID1A/SMARCD1/ARID2	9
early_EEC_vs_goblet.up	early_EEC_vs_goblet	up	GO:0071824	protein-DNA complex subunit organization	35/863	288/18670	1.78955194503383e-07	2.04374966449886e-05	1.78141761801095e-05	SMARCA1/SMARCE1/TSPYL4/SET/NAP1L1/ATRX/CETN2/SMARCC1/SMARCC2/RSF1/SMARCA5/HMGB1/NASP/SMARCA4/PARP1/RPL23/RBBP4/PTMA/BDP1/UBTF/ARID1A/UBB/HP1BP3/NAP1L4/TBPL1/PSMC5/SENP6/ASF1A/TAF7/RUVBL1/SMARCD1/CREB1/ARID2/TAF11/HMGB2	35
early_EEC_vs_goblet.up	early_EEC_vs_goblet	up	GO:0022618	ribonucleoprotein complex assembly	34/863	277/18670	2.1095989836687e-07	2.35571886509671e-05	2.05334301077087e-05	LUC7L3/CELF3/PSIP1/EIF3E/ZNHIT3/HSP90AB1/DDX6/CIRBP/DDX39B/CNOT7/RPL24/RBMX/SF1/DYNC1H1/RPL6/EIF3F/CELF1/SF3B1/CPSF6/AGO1/G3BP1/DHX9/SNRPD3/NBDY/RUVBL1/SLU7/STRAP/SRSF9/SRSF6/G3BP2/LUC7L/SRSF5/EIF3H/PTBP2	34
early_EEC_vs_goblet.up	early_EEC_vs_goblet	up	GO:0031503	protein-containing complex localization	34/863	281/18670	2.9703109633768e-07	2.98516251819368e-05	2.60199240391807e-05	DBN1/CNIH2/PCM1/IFT81/ARL3/IFT22/KIF3A/HNRNPU/DYNLL1/IFT57/TPR/RBM15B/DDX39B/ENY2/VPS35/KIF3B/RANBP2/CLUAP1/TNPO1/DYNC2H1/GRIPAP1/SSB/HSPB11/SLU7/RAB11A/FYTTD1/XPO1/SFPQ/SRSF9/SRSF6/IWS1/SRSF5/IFT88/KIFAP3	34
early_EEC_vs_goblet.up	early_EEC_vs_goblet	up	GO:0018205	peptidyl-lysine modification	42/863	397/18670	5.25387233394476e-07	4.89046742788836e-05	4.26273578789075e-05	SOX4/EID1/HDAC2/SET/ATRX/KANSL1/ACTL6A/MDM2/SUMO2/KDM1A/RSF1/BRD7/PCGF2/TPR/ARID4B/SUMO1/MLLT6/MTF2/MORF4L2/RANBP2/EPC1/BAG6/TET2/LDB1/TRIM28/KMT2E/KMT2A/USP22/MORF4L1/SENP6/SUZ12/TAF7/RUVBL1/UBE2I/DPY30/EHMT1/RTF1/IWS1/BRD8/ING4/EHMT2/EP300	42
early_EEC_vs_goblet.up	early_EEC_vs_goblet	up	GO:0016570	histone modification	46/863	454/18670	5.25542768370092e-07	4.89046742788836e-05	4.26273578789075e-05	EID1/HDAC2/SET/KDM5B/ATRX/KANSL1/SKP1/ACTL6A/KDM1A/RSF1/KDM6B/BRD7/PCGF2/ARID4B/KDM5A/MLLT6/MTF2/NIPBL/BAZ1B/ENY2/SAP30/PRMT1/MORF4L2/EPC1/HDAC8/TET2/LDB1/KMT2E/KMT2A/USP22/HUWE1/MORF4L1/SUZ12/TAF7/RUVBL1/SFPQ/DPY30/EHMT1/RTF1/IWS1/BRD8/COPRS/HDAC5/ING4/EHMT2/EP300	46
early_EEC_vs_goblet.up	early_EEC_vs_goblet	up	GO:0006337	nucleosome disassembly	8/863	19/18670	9.67715863229757e-07	7.84318098827344e-05	6.836444324107e-05	SMARCE1/SET/SMARCC1/SMARCC2/SMARCA4/ARID1A/SMARCD1/ARID2	8
early_EEC_vs_goblet.up	early_EEC_vs_goblet	up	GO:0090685	RNA localization to nucleus	8/863	19/18670	9.67715863229757e-07	7.84318098827344e-05	6.836444324107e-05	CCT3/CCT6A/CCT2/CCT7/CCT4/CCT8/RUVBL1/CCT5	8
early_EEC_vs_goblet.up	early_EEC_vs_goblet	up	GO:0010976	positive regulation of neuron projection development	32/863	281/18670	2.49717408378688e-06	0.000187288056284016	0.000163248096820695	MDK/DBN1/CBFA2T2/TUBB2B/CAMK2B/CFLAR/GPC2/MAP1B/KIDINS220/MACF1/CAPRIN1/SCARB2/GDI1/KDM1A/METRN/ADNP/DLG5/DHX36/PTK7/DYNLT1/CUX1/TRAK1/SERPINI1/BMPR2/RGS2/PLXNA1/DVL3/SCN1B/FYN/RAB11A/COBL/EP300	32
early_EEC_vs_goblet.up	early_EEC_vs_goblet	up	GO:0031647	regulation of protein stability	32/863	284/18670	3.13576760303941e-06	0.000225103317218186	0.00019620945859018	SOX4/CD81/RTN4/MDM2/CCT3/HSP90AB1/TRIM44/TRIM24/RPL23/SUGT1/CCT6A/SUMO1/CCT2/PRKDC/VPS35/HSPA8/CCT7/HDAC8/BAG6/CCT4/STXBP4/CCT8/DVL3/CUL3/PPIB/ZNF207/USP47/CREB1/CCT5/PFN2/USP8/EP300	32
early_EEC_vs_goblet.up	early_EEC_vs_goblet	up	GO:0051169	nuclear transport	36/863	346/18670	4.95266610600506e-06	0.00031906598952148	0.000278111250567976	RPAIN/BMP4/RSRC1/RBM4/MDM2/PSIP1/UPF3A/GSK3B/YWHAE/TPR/RBM15B/RPL23/DDX39B/ENY2/KHDRBS1/RANBP2/ANP32A/TNPO1/TRIM28/NF1/SSB/CPSF6/DHX9/SNRPD3/SLU7/FYTTD1/XPO1/SRSF9/SRSF6/IWS1/PKIG/MBTPS1/SRSF5/HNRNPA1/FAM53C/PPP3CA	36
early_EEC_vs_goblet.up	early_EEC_vs_goblet	up	GO:0050657	nucleic acid transport	24/863	193/18670	1.01253310478987e-05	0.000591135933525722	0.000515258783849286	CETN2/UPF3A/HNRNPU/HNRNPA3/TPR/RBM15B/DDX39B/ENY2/KHDRBS1/RANBP2/CKAP5/SSB/CPSF6/DHX9/SLU7/FYTTD1/XPO1/SFPQ/SRSF9/SRSF6/IWS1/G3BP2/SRSF5/HNRNPA1	24
early_EEC_vs_goblet.up	early_EEC_vs_goblet	up	GO:0050658	RNA transport	24/863	193/18670	1.01253310478987e-05	0.000591135933525722	0.000515258783849286	CETN2/UPF3A/HNRNPU/HNRNPA3/TPR/RBM15B/DDX39B/ENY2/KHDRBS1/RANBP2/CKAP5/SSB/CPSF6/DHX9/SLU7/FYTTD1/XPO1/SFPQ/SRSF9/SRSF6/IWS1/G3BP2/SRSF5/HNRNPA1	24
early_EEC_vs_goblet.up	early_EEC_vs_goblet	up	GO:0051983	regulation of chromosome segregation	16/863	103/18670	1.95119284728972e-05	0.00101953429832465	0.000888668701823274	MAD1L1/ATRX/HNRNPU/IK/TPR/RAD21/NIPBL/CSNK2A1/DYNC1H1/PUM1/NUMA1/HDAC8/LCMT1/CUL3/ZNF207/SFPQ	16
early_EEC_vs_goblet.up	early_EEC_vs_goblet	up	GO:0031346	positive regulation of cell projection organization	37/863	383/18670	1.9680562574625e-05	0.00101953429832465	0.000888668701823274	MDK/ENPP2/DBN1/CBFA2T2/TUBB2B/CAMK2B/CDC42EP3/FNBP1L/CFLAR/GPC2/MAP1B/KIDINS220/MACF1/CAPRIN1/SCARB2/GDI1/KDM1A/METRN/ADNP/DYNLL1/DLG5/DHX36/PTK7/DYNLT1/CUX1/TRAK1/SERPINI1/BMPR2/RGS2/PLXNA1/DVL3/BRK1/SCN1B/FYN/RAB11A/COBL/EP300	37
early_EEC_vs_goblet.up	early_EEC_vs_goblet	up	GO:0090169	regulation of spindle assembly	8/863	27/18670	2.04330386169928e-05	0.00103713150555948	0.000904007163054833	HNRNPU/TPR/STAG2/DYNC1H1/NUMA1/CHMP1B/CEP97/SENP6	8
early_EEC_vs_goblet.up	early_EEC_vs_goblet	up	GO:0009408	response to heat	22/863	176/18670	2.15841609757609e-05	0.00108460408903198	0.000945386250738326	CAMK2B/HDAC2/TP53INP1/PSIP1/GSK3B/YWHAE/DNAJA1/DNAJB6/DHX36/TPR/HSP90AB1/HSBP1/SUMO1/DNAJC7/HSPA8/RANBP2/DNAJA2/NF1/HSPH1/SLU7/GCLC/EP300	22
early_EEC_vs_goblet.up	early_EEC_vs_goblet	up	GO:0071103	DNA conformation change	33/863	327/18670	2.28073509137333e-05	0.00113472216179713	0.000989071257447047	HMGB3/CHD7/CHD6/CHD4/SMARCA1/TOP2B/XRCC5/CDKN2A/TSPYL4/SET/NAP1L1/ATRX/CETN2/RSF1/SMARCA5/HMGB1/NASP/DHX36/TPR/PARP1/RBBP4/SMC2/NIPBL/UBB/HP1BP3/NAP1L4/G3BP1/ASF1A/DHX9/RUVBL1/XRCC6/TOP1/HMGB2	33
early_EEC_vs_goblet.up	early_EEC_vs_goblet	up	GO:0022406	membrane docking	22/863	178/18670	2.57732658387316e-05	0.0012573850566954	0.00109598936285092	TUBA1A/ROCK1/PCM1/RAB3B/CETN2/TUBB/DYNLL1/YWHAE/RAB3IP/YWHAG/DCTN3/DYNC1H1/CKAP5/CNTRL/STX16/DCTN2/CEP97/TMEM67/RAB11A/AKAP9/DYNC1I2/NPHP1	22
early_EEC_vs_goblet.up	early_EEC_vs_goblet	up	GO:0016358	dendrite development	26/863	233/18670	3.04881510669324e-05	0.00143590190046388	0.00125159210428494	NEUROG3/FARP1/DBN1/CAMK2B/HDAC2/MAP1B/KIDINS220/RBFOX2/CAPRIN1/ARID1B/GSK3B/DLG5/ABI2/DHX36/RERE/DYNLT1/CUX1/TRAK1/PAK2/BTBD3/ITGB1/UBE3A/ASAP1/FYN/PPP3CA/COBL	26
early_EEC_vs_goblet.up	early_EEC_vs_goblet	up	GO:0031018	endocrine pancreas development	10/863	45/18670	3.08611751741492e-05	0.00143590190046388	0.00125159210428494	PAX4/INSM1/SOX4/NEUROG3/RFX3/RFX6/ONECUT2/BMP4/FOXA2/GSK3B	10
early_EEC_vs_goblet.up	early_EEC_vs_goblet	up	GO:0140056	organelle localization by membrane tethering	21/863	169/18670	3.60402216750054e-05	0.00164638285379002	0.00143505609942294	TUBA1A/PCM1/RAB3B/CETN2/TUBB/DYNLL1/YWHAE/RAB3IP/YWHAG/DCTN3/DYNC1H1/CKAP5/CNTRL/STX16/DCTN2/CEP97/TMEM67/RAB11A/AKAP9/DYNC1I2/NPHP1	21
early_EEC_vs_goblet.up	early_EEC_vs_goblet	up	GO:0071375	cellular response to peptide hormone stimulus	32/863	321/18670	3.84140183869719e-05	0.00173901299454535	0.00151579640121565	PHIP/PKM/ROCK1/CFLAR/MAP1B/ATP2B1/SMARCC1/MDM2/GNAI2/ARID1B/GSK3B/APEX1/YWHAG/PARP1/GRB2/ATP6V0E1/PIK3R3/PRKDC/ATP6V1G1/PRKAR1A/STXBP4/ATP6V1D/ATP6V1B2/PTK2/FYN/MBD5/CREB1/GCLC/ATP6V1F/ERRFI1/SRSF5/HDAC5	32
early_EEC_vs_goblet.up	early_EEC_vs_goblet	up	GO:0034728	nucleosome organization	22/863	184/18670	4.30767001429719e-05	0.00193268230552173	0.00168460666630551	SMARCA1/SMARCE1/TSPYL4/SET/NAP1L1/ATRX/SMARCC1/SMARCC2/RSF1/SMARCA5/NASP/SMARCA4/RBBP4/PTMA/ARID1A/HP1BP3/NAP1L4/ASF1A/RUVBL1/SMARCD1/ARID2/HMGB2	22
early_EEC_vs_goblet.up	early_EEC_vs_goblet	up	GO:0043414	macromolecule methylation	31/863	309/18670	4.47676412718808e-05	0.00199077342824072	0.00173524131655609	GNAS/ZC3H13/RAB3B/ATRX/KDM1A/PARP1/RBM15B/ARID4B/MLLT6/MTF2/PRMT1/TRMT9B/MPHOSPH8/DNMT3A/TET2/TRIM28/KMT2E/KMT2A/HSD17B10/BTG1/SNRPD3/SUZ12/LCMT1/DPY30/EHMT1/RTF1/IWS1/RNMT/COPRS/EHMT2/BUD23	31
early_EEC_vs_goblet.up	early_EEC_vs_goblet	up	GO:0006278	RNA-dependent DNA biosynthetic process	13/863	77/18670	4.74570160736924e-05	0.0020918553137746	0.00182334851230502	XRCC5/CCT3/HNRNPU/HSP90AB1/CCT6A/TERF2IP/CCT2/CCT7/CCT4/CCT8/TNKS2/CCT5/HNRNPA1	13
early_EEC_vs_goblet.up	early_EEC_vs_goblet	up	GO:0033045	regulation of sister chromatid segregation	13/863	80/18670	7.1629153826211e-05	0.00292631299168057	0.00255069669722605	MAD1L1/ATRX/HNRNPU/IK/TPR/RAD21/NIPBL/NUMA1/HDAC8/LCMT1/CUL3/ZNF207/SFPQ	13
early_EEC_vs_goblet.up	early_EEC_vs_goblet	up	GO:0065004	protein-DNA complex assembly	26/863	248/18670	8.76502732655924e-05	0.00333668653908789	0.00290839543108557	TSPYL4/SET/NAP1L1/ATRX/CETN2/RSF1/SMARCA5/HMGB1/NASP/SMARCA4/PARP1/RBBP4/BDP1/UBTF/UBB/HP1BP3/NAP1L4/TBPL1/PSMC5/SENP6/ASF1A/TAF7/RUVBL1/CREB1/TAF11/HMGB2	26
early_EEC_vs_goblet.up	early_EEC_vs_goblet	up	GO:0017148	negative regulation of translation	23/863	209/18670	0.00010623678995075	0.00401383360528211	0.00349862511266381	ROCK1/RBM4/FXR1/CAPRIN1/PAIP2/EIF3E/DHX36/TPR/TNRC6B/CIRBP/CNOT7/PUM1/CELF1/IREB2/SRP9/HNRNPR/SAMD4B/RGS2/YTHDF2/AGO1/ILF3/TIA1/SYNCRIP	23
early_EEC_vs_goblet.up	early_EEC_vs_goblet	up	GO:0070897	transcription preinitiation complex assembly	9/863	44/18670	0.000152191549598747	0.00550188875347987	0.0047956761672123	HMGB1/SMARCA4/BDP1/UBTF/TBPL1/PSMC5/TAF7/CREB1/TAF11	9
early_EEC_vs_goblet.up	early_EEC_vs_goblet	up	GO:0034249	negative regulation of cellular amide metabolic process	24/863	229/18670	0.000162284099112687	0.00578352906412236	0.00504116563201113	ROCK1/RBM4/FXR1/CAPRIN1/PAIP2/EIF3E/DHX36/TPR/TNRC6B/CIRBP/CNOT7/PUM1/SNRNP70/CELF1/IREB2/SRP9/HNRNPR/SAMD4B/RGS2/YTHDF2/AGO1/ILF3/TIA1/SYNCRIP	24
early_EEC_vs_goblet.up	early_EEC_vs_goblet	up	GO:0051783	regulation of nuclear division	21/863	188/18670	0.000169322700692992	0.00594997602085513	0.00518624775549164	CDKN1C/PHIP/BMP4/MAD1L1/ATRX/HNRNPU/PLCB1/IK/TPR/STAG2/RAD21/NIPBL/NUMA1/CHMP1B/PRKAR1A/CEP97/RANBP1/LCMT1/CUL3/ZNF207/CDK13	21
early_EEC_vs_goblet.up	early_EEC_vs_goblet	up	GO:0000075	cell cycle checkpoint	23/863	216/18670	0.000174255468925269	0.00608078980103802	0.00530027051314359	SOX4/PROX1/TOP2B/MAD1L1/PCBP4/TAOK1/TFDP2/MDM2/E2F7/IK/TPR/TP53BP1/NAE1/DDX39B/ARID3A/PRKDC/CNOT7/RPL24/PRMT1/LCMT1/ZNF207/CDKN2B/EP300	23
early_EEC_vs_goblet.up	early_EEC_vs_goblet	up	GO:0045814	negative regulation of gene expression, epigenetic	17/863	136/18670	0.000180492758341566	0.00625500765976808	0.00545212607955904	KCNQ1OT1/HDAC2/SMARCA5/HMGB1/PCGF2/RBBP4/MTF2/ARID1A/MORF4L2/EPC1/MPHOSPH8/DNMT3A/TRIM28/MORF4L1/ASF1A/SUZ12/HDAC5	17
early_EEC_vs_goblet.up	early_EEC_vs_goblet	up	GO:0060560	developmental growth involved in morphogenesis	24/863	235/18670	0.000240182457119069	0.0076512594872713	0.00666915752323349	DBN1/ALCAM/BMP4/MAP1B/MACF1/KDM5B/RTN4/CPNE1/GDI1/ADNP/GSK3B/HSP90AB1/PTK7/ITGB1/BMPR2/TRIM28/WASF1/SEMA6A/PLXNA1/RYK/ULK1/RAB11A/EPB41L5/COBL	24
early_EEC_vs_goblet.up	early_EEC_vs_goblet	up	GO:0031330	negative regulation of cellular catabolic process	26/863	264/18670	0.000240860527011456	0.0076512594872713	0.00666915752323349	ROCK1/SMARCC1/EIF4G2/HNRNPU/DHX36/HSP90AB1/CIRBP/HNRNPA0/RPL23/LAPTM4B/CSNK2A1/PAIP1/VPS35/UBXN1/SNRNP70/BAG6/SECISBP2/APOC3/RBM38/DHX9/PTK2/RRAGA/SYNCRIP/GABARAPL2/CST3/ELAVL1	26
early_EEC_vs_goblet.up	early_EEC_vs_goblet	up	GO:0140014	mitotic nuclear division	26/863	264/18670	0.000240860527011456	0.0076512594872713	0.00666915752323349	CDKN1C/PHIP/BMP4/MAD1L1/PDS5B/ATRX/HNRNPU/IK/TPR/STAG2/SMC2/RAD21/NIPBL/RPL24/KIF3B/NUMA1/CHMP1B/CEP97/RANBP1/LCMT1/CUL3/BOD1/ZNF207/RAB11A/UBE2S/CDK13	26
early_EEC_vs_goblet.up	early_EEC_vs_goblet	up	GO:1901998	toxin transport	8/863	39/18670	0.00034609833016927	0.0102302594652975	0.00891712168318473	CCT3/DNAJA1/CCT2/ARID1A/CCT7/CCT4/CCT8/CCT5	8
early_EEC_vs_goblet.up	early_EEC_vs_goblet	up	GO:0007052	mitotic spindle organization	14/863	106/18670	0.00037062414499205	0.0108278274917736	0.00943798694805336	STMN1/EFHC1/HNRNPU/TPR/STAG2/DYNC1H1/KIF3B/CEP126/NUMA1/CHMP1B/DCTN2/CEP97/ZNF207/RAB11A	14
early_EEC_vs_goblet.up	early_EEC_vs_goblet	up	GO:0044728	DNA methylation or demethylation	13/863	94/18670	0.000377717581488585	0.0109712765721395	0.0095630231613873	GNAS/ATRX/APEX1/PARP1/MPHOSPH8/DNMT3A/TET2/TDG/TRIM28/KMT2E/KMT2A/EHMT1/EHMT2	13
early_EEC_vs_goblet.up	early_EEC_vs_goblet	up	GO:0000819	sister chromatid segregation	20/863	189/18670	0.000488202790045085	0.0132606433512246	0.0115585309210674	TOP2B/MAD1L1/PDS5B/ATRX/HNRNPU/IK/TPR/STAG2/SMC2/RAD21/NIPBL/NUMA1/HDAC8/CHMP1B/LCMT1/CUL3/BOD1/ZNF207/RAB11A/SFPQ	20
early_EEC_vs_goblet.up	early_EEC_vs_goblet	up	GO:1901983	regulation of protein acetylation	11/863	73/18670	0.000498442115681931	0.0133939659427899	0.0116747404635661	SOX4/EID1/HDAC2/SET/TAOK1/GSK3B/BRD7/TERF2IP/KMT2A/TAF7/IWS1	11
early_EEC_vs_goblet.up	early_EEC_vs_goblet	up	GO:0009952	anterior/posterior pattern specification	22/863	219/18670	0.000537829985681168	0.0143755089257865	0.0125302943472527	BMP4/LFNG/BPTF/HOXA10/FOXA2/HES6/GDF11/PCGF2/HOXB8/RBPJ/NR2F2/PRKDC/HOXB9/PGAP1/PBX1/SSBP3/LDB1/BMPR2/CTNNBIP1/EPB41L5/COBL/EP300	22
early_EEC_vs_goblet.up	early_EEC_vs_goblet	up	GO:0043254	regulation of protein complex assembly	38/863	467/18670	0.000543694843740863	0.0144553787819991	0.0125999122517724	INSM1/STMN1/DBN1/CDC42EP3/MAP1B/ARPC5/HMGB1/TPPP3/GSK3B/ABI2/DHX36/PARP1/GRB2/SUMO1/BCLAF1/VPS35/HSPA8/NUMA1/PSMC5/WASF1/VPS41/MED25/SUB1/BRK1/G3BP1/SENP6/CTNNBIP1/ASAP1/JMY/NBDY/TAF7/LCMT1/ULK1/CREB1/G3BP2/PFN2/AKAP9/EP300	38
early_EEC_vs_goblet.up	early_EEC_vs_goblet	up	GO:0048511	rhythmic process	27/863	295/18670	0.000590486860347104	0.0152163921704831	0.0132632433247196	MDK/ETS1/DDX5/HDAC2/PROX1/PAM/KDM5B/RBM4/NONO/ADNP/HNRNPU/GSK3B/KDM5A/PRKDC/CSNK2A1/PPP1CB/HNRNPR/UBE3A/KMT2A/HUWE1/DDC/DHX9/ZFHX3/SFPQ/CREB1/TOP1/EP300	27
early_EEC_vs_goblet.up	early_EEC_vs_goblet	up	GO:2001233	regulation of apoptotic signaling pathway	34/863	406/18670	0.000632496841605767	0.016215799127903	0.0141343681950677	SCG2/G0S2/PHIP/BMP4/CFLAR/YWHAQ/NONO/TFDP2/PRDX2/MDM2/KDM1A/GNAI2/ST18/GSK3B/YWHAE/DNAJA1/PCGF2/YWHAG/PARP1/CSNK2A1/BCLAF1/GNAI3/PAK2/UBB/GCLM/HNRNPK/NF1/FYN/SFPQ/TP53BP2/USP47/GCLC/ERP29/HMGB2	34
early_EEC_vs_goblet.up	early_EEC_vs_goblet	up	GO:0044783	G1 DNA damage checkpoint	10/863	64/18670	0.000662934526471472	0.0168244747248442	0.0146649152825508	SOX4/PCBP4/TFDP2/MDM2/E2F7/ARID3A/PRKDC/CNOT7/PRMT1/EP300	10
early_EEC_vs_goblet.up	early_EEC_vs_goblet	up	GO:1904951	positive regulation of establishment of protein localization	37/863	456/18670	0.000674049397435762	0.0170205940809784	0.0148358611093901	MDK/SOX4/PTP4A3/RFX6/CD81/UCN3/YWHAQ/PCM1/TFDP2/MDM2/FFAR2/OAZ2/BAIAP3/HMGB1/CCT3/DYNLL1/GSK3B/YWHAE/DHX36/TPR/YWHAG/TSG101/ANXA13/CCT6A/CCT2/VPS35/CCT7/MBP/TRIM28/CCT4/CCT8/GLUL/HUWE1/DHX9/FYN/TP53BP2/CCT5	37
early_EEC_vs_goblet.up	early_EEC_vs_goblet	up	GO:0002244	hematopoietic progenitor cell differentiation	18/863	166/18670	0.000687032817232204	0.0171758204308051	0.0149711628829704	SOX4/N4BP2L2/BMP4/XRCC5/MLF1/PRRC2C/DHX36/PRKDC/PSMD2/PSMD4/SSBP3/LDB1/PSMC5/KMT2A/PSMB4/YTHDF2/PSMB1/PSMB3	18
early_EEC_vs_goblet.up	early_EEC_vs_goblet	up	GO:0002181	cytoplasmic translation	13/863	100/18670	0.000691556886907781	0.0172033334490673	0.0149951443794855	RBM4/EIF3E/DHX36/RPL24/EIF4A2/RPS26/RPL6/EIF3F/RPL26L1/YTHDF2/DHX9/EIF4A1/EIF3H	13
early_EEC_vs_goblet.up	early_EEC_vs_goblet	up	GO:0051409	response to nitrosative stress	4/863	10/18670	0.000761110679102262	0.0187479468749454	0.0163414939924897	DNAJA1/DUSP6/GCLM/GCLC	4
early_EEC_vs_goblet.up	early_EEC_vs_goblet	up	GO:0010770	positive regulation of cell morphogenesis involved in differentiation	17/863	154/18670	0.000781803712451598	0.0189898470639859	0.016552344306519	MDK/DBN1/TUBB2B/CAMK2B/MAP1B/MACF1/CAPRIN1/GDI1/METRN/ADNP/DHX36/CUX1/TRAK1/LIMS1/BMPR2/PLXNA1/RAB11A	17
early_EEC_vs_goblet.up	early_EEC_vs_goblet	up	GO:0090150	establishment of protein localization to membrane	29/863	332/18670	0.000800188424602321	0.0191473658744127	0.0166896442845627	NECTIN3/CD24/YWHAQ/MACF1/SRP14/TFDP2/GDI1/RAB26/YWHAE/RAB3IP/YWHAG/RPL23/ANXA13/AFDN/PARD3/SSR2/RPL24/VPS35/PREPL/RPS26/RPL6/BAG6/HSPA4/SRP9/GRIPAP1/FYN/RAB11A/TP53BP2/BRAF	29
early_EEC_vs_goblet.up	early_EEC_vs_goblet	up	GO:0017085	response to insecticide	5/863	17/18670	0.000810577483200108	0.0193040372183912	0.0168262055754335	MAP1B/DDC/SCN1B/KIF1B/HNRNPA1	5
early_EEC_vs_goblet.up	early_EEC_vs_goblet	up	GO:0042176	regulation of protein catabolic process	32/863	381/18670	0.000858373310385714	0.020345876814567	0.0177343165070256	CD81/ROCK1/SMARCC1/MDM2/SUMO2/OAZ2/RAB26/GSK3B/HSP90AB1/RPL23/SUMO1/LAPTM4B/MAGEF1/CSNK2A1/PSMD2/VPS35/UBB/FBXL20/UBXN1/SNRNP70/BAG6/UBE3A/PTK2/FYN/XPO1/SNF8/GCLC/ODC1/GABARAPL2/USP8/CSNK1A1/CST3	32
early_EEC_vs_goblet.up	early_EEC_vs_goblet	up	GO:0032781	positive regulation of ATPase activity	9/863	55/18670	0.00086671379387418	0.0204471211935106	0.0178225653388212	HNRNPU/DYNLL1/DNAJA1/DNAJB6/SUMO1/DNAJA2/DHX9/PFN2/GABARAPL2	9
early_EEC_vs_goblet.up	early_EEC_vs_goblet	up	GO:0006914	autophagy	39/863	496/18670	0.000890369276229379	0.0207134519122807	0.0180547103235402	VPS13A/FNBP1L/EXOC7/BNIP3L/ROCK1/TP53INP1/EIF4G2/HMGB1/DYNLL1/GSK3B/TRIM13/CALCOCO2/TSG101/VPS13C/ATP6V0E1/TMEM59/MAP1LC3A/CSNK2A1/GNAI3/VPS35/HSPA8/FUNDC2/WIPI2/SNRNP70/SUPT20H/ATP6V1G1/DEPP1/LAMTOR2/VPS41/ATP6V1D/ATP6V1B2/PTK2/RRAGA/ULK1/SNX14/SNF8/GABARAPL2/IFT88/EP300	39
early_EEC_vs_goblet.up	early_EEC_vs_goblet	up	GO:0061919	process utilizing autophagic mechanism	39/863	496/18670	0.000890369276229379	0.0207134519122807	0.0180547103235402	VPS13A/FNBP1L/EXOC7/BNIP3L/ROCK1/TP53INP1/EIF4G2/HMGB1/DYNLL1/GSK3B/TRIM13/CALCOCO2/TSG101/VPS13C/ATP6V0E1/TMEM59/MAP1LC3A/CSNK2A1/GNAI3/VPS35/HSPA8/FUNDC2/WIPI2/SNRNP70/SUPT20H/ATP6V1G1/DEPP1/LAMTOR2/VPS41/ATP6V1D/ATP6V1B2/PTK2/RRAGA/ULK1/SNX14/SNF8/GABARAPL2/IFT88/EP300	39
early_EEC_vs_goblet.up	early_EEC_vs_goblet	up	GO:0032259	methylation	31/863	366/18670	0.000895198414433112	0.0207298250346838	0.0180689818212766	GNAS/ZC3H13/RAB3B/ATRX/KDM1A/PARP1/RBM15B/ARID4B/MLLT6/MTF2/PRMT1/TRMT9B/MPHOSPH8/DNMT3A/TET2/TRIM28/KMT2E/KMT2A/HSD17B10/BTG1/SNRPD3/SUZ12/LCMT1/DPY30/EHMT1/RTF1/IWS1/RNMT/COPRS/EHMT2/BUD23	31
early_EEC_vs_goblet.up	early_EEC_vs_goblet	up	GO:2000736	regulation of stem cell differentiation	14/863	116/18670	0.000927778912111643	0.0212672318290762	0.0185374080420604	N4BP2L2/BMP4/HNRNPU/DHX36/PSMD2/PSMD4/LDB1/PSMC5/KMT2A/PSMB4/YTHDF2/PSMB1/PSMB3/CDK13	14
early_EEC_vs_goblet.up	early_EEC_vs_goblet	up	GO:0098727	maintenance of cell number	17/863	159/18670	0.0011190981578285	0.024822124661081	0.0216360011971214	SOX4/ZNF322/ASCL2/ZC3H13/PROX1/PCM1/TUT4/DDX6/RBPJ/MTF2/NIPBL/ARID1A/PBX1/LDB1/MED28/RTF1/ELAVL1	17
early_EEC_vs_goblet.up	early_EEC_vs_goblet	up	GO:0043434	response to peptide hormone	35/863	436/18670	0.00112131787026177	0.024822124661081	0.0216360011971214	PHIP/PKM/ROCK1/CFLAR/MAP1B/ATP2B1/SMARCC1/MDM2/GNAI2/ARID1B/GSK3B/APEX1/YWHAG/PARP1/GRB2/ATP6V0E1/PIK3R3/PRKDC/GCNT1/ATP6V1G1/PRKAR1A/STXBP4/BTG1/ATP6V1D/ATP6V1B2/PTK2/FYN/MBD5/CREB1/SRSF6/GCLC/ATP6V1F/ERRFI1/SRSF5/HDAC5	35
early_EEC_vs_goblet.up	early_EEC_vs_goblet	up	GO:0009895	negative regulation of catabolic process	27/863	308/18670	0.00113146198696705	0.0249368266864449	0.021735980275946	ROCK1/SMARCC1/EIF4G2/HNRNPU/DHX36/HSP90AB1/CIRBP/HNRNPA0/RPL23/LAPTM4B/CSNK2A1/PAIP1/VPS35/UBXN1/SNRNP70/BAG6/SECISBP2/APOC3/RBM38/DHX9/PTK2/RRAGA/FYN/SYNCRIP/GABARAPL2/CST3/ELAVL1	27
early_EEC_vs_goblet.up	early_EEC_vs_goblet	up	GO:0045995	regulation of embryonic development	15/863	132/18670	0.00115902784137456	0.0253222387082919	0.0220719215009589	BMP4/LFNG/FOXA2/PLCB1/FZD3/DHX36/PTK7/LAMA5/NIPBL/MBP/BAG6/TDG/DVL3/EHMT1/RAB14	15
early_EEC_vs_goblet.up	early_EEC_vs_goblet	up	GO:0001701	in utero embryonic development	31/863	373/18670	0.00121568675094406	0.0261060936901448	0.0227551622612606	CDKN1C/IHH/DBN1/CHD7/ASCL2/ATP11A/BPTF/KIDINS220/RTN4/ACTL6A/RPL7L1/E2F7/NASP/STMN3/PCGF2/DNAJB6/PHF6/GRB2/RBPJ/NR2F2/SSR2/PRMT1/ITGB1/TRIM28/ANKRD11/BRK1/CUL3/RTF1/EPB41L5/CMIP/RBBP6	31
early_EEC_vs_goblet.up	early_EEC_vs_goblet	up	GO:0051098	regulation of binding	31/863	373/18670	0.00121568675094406	0.0261060936901448	0.0227551622612606	STMN1/BMP4/ROCK1/LFNG/HDAC2/TRAF4/CPNE1/KDM1A/LRPAP1/RSF1/ADNP/HMGB1/EIF3E/GSK3B/HSP90AB1/PARP1/SUMO1/NIPBL/HDAC8/TDG/TRIM28/MED25/CTNNBIP1/DHX9/EPB41L5/PPP3CA/CSNK1A1/HDAC5/HMGB2/ZFP90/EP300	31
early_EEC_vs_goblet.up	early_EEC_vs_goblet	up	GO:0000209	protein polyubiquitination	27/863	310/18670	0.00124464245147361	0.0265013911807411	0.0230997200739594	WSB1/ZNRF1/SKP1/UBE2E3/TTC3/TRIM44/UBE2R2/DZIP3/PSMD2/PSMD4/FBXO21/UBB/FBXL20/UBE3A/PSMC5/UBE2H/TNKS2/PSMB4/HUWE1/PSMB1/CUL3/MKRN1/UBE2S/PSMB3/RNF146/FBXL15/RBBP6	27
early_EEC_vs_goblet.up	early_EEC_vs_goblet	up	GO:0071333	cellular response to glucose stimulus	15/863	133/18670	0.00125191373781999	0.0265437406436516	0.0231366336356605	SOX4/MLXIPL/RFX6/HMGN3/MAP4K4/FOXA2/ZBTB20/BAIAP3/DYNLL1/SMARCA4/ENY2/GCLM/STXBP4/GCLC/PPP3CA	15
early_EEC_vs_goblet.up	early_EEC_vs_goblet	up	GO:0002478	antigen processing and presentation of exogenous peptide antigen	18/863	175/18670	0.00126997018879596	0.0268134462130239	0.023371720281203	KIF3A/DYNLL1/DCTN3/DYNC1LI2/PSMD2/DYNC1H1/PSMD4/KIF3B/HLA-A/DCTN2/PSMC5/PSMB4/PSMB1/AP2M1/PSMB3/DYNC1I2/KLC1/KIFAP3	18
early_EEC_vs_goblet.up	early_EEC_vs_goblet	up	GO:0061951	establishment of protein localization to plasma membrane	9/863	58/18670	0.00128303878760632	0.0269760247185012	0.0235134305009025	NECTIN3/MACF1/RAB26/ANXA13/AFDN/VPS35/PREPL/GRIPAP1/RAB11A	9
early_EEC_vs_goblet.up	early_EEC_vs_goblet	up	GO:0007339	binding of sperm to zona pellucida	7/863	37/18670	0.00134333787746461	0.0277789005525089	0.0242132506308436	CCT3/CCT2/CCT7/SPA17/CCT4/CCT8/CCT5	7
early_EEC_vs_goblet.up	early_EEC_vs_goblet	up	GO:0072576	liver morphogenesis	5/863	19/18670	0.00141032133534488	0.0288083931305204	0.0251105993854089	MDK/CFLAR/PROX1/SULF2/CUL3	5
early_EEC_vs_goblet.up	early_EEC_vs_goblet	up	GO:0071331	cellular response to hexose stimulus	15/863	135/18670	0.00145653954791282	0.0296320292642182	0.0258285150601544	SOX4/MLXIPL/RFX6/HMGN3/MAP4K4/FOXA2/ZBTB20/BAIAP3/DYNLL1/SMARCA4/ENY2/GCLM/STXBP4/GCLC/PPP3CA	15
early_EEC_vs_goblet.up	early_EEC_vs_goblet	up	GO:0043903	regulation of symbiosis, encompassing mutualism through parasitism	21/863	222/18670	0.00153026921493564	0.0306358677492095	0.0267035026351319	EXOC7/DDX5/PROX1/TOP2B/RSF1/SMARCA4/TRIM13/HACD3/NELFCD/TSG101/DYNLT1/CNOT7/MPHOSPH8/SUPT4H1/TRIM28/DHX9/ILF3/PPIB/SNF8/TAF11/EP300	21
early_EEC_vs_goblet.up	early_EEC_vs_goblet	up	GO:1990823	response to leukemia inhibitory factor	12/863	96/18670	0.00154965188124039	0.0307786589060592	0.0268279653748337	PTP4A3/XRCC5/KDM5B/SMARCA5/HNRNPU/MTF2/BCLAF1/BCAT2/EIF4A2/GCLM/CREB1/RNMT	12
early_EEC_vs_goblet.up	early_EEC_vs_goblet	up	GO:1990830	cellular response to leukemia inhibitory factor	12/863	96/18670	0.00154965188124039	0.0307786589060592	0.0268279653748337	PTP4A3/XRCC5/KDM5B/SMARCA5/HNRNPU/MTF2/BCLAF1/BCAT2/EIF4A2/GCLM/CREB1/RNMT	12
early_EEC_vs_goblet.up	early_EEC_vs_goblet	up	GO:0071481	cellular response to X-ray	4/863	12/18670	0.0016656917412828	0.0318123193398785	0.0277289470067	XRCC5/TP53BP1/NIPBL/XRCC6	4
early_EEC_vs_goblet.up	early_EEC_vs_goblet	up	GO:1902115	regulation of organelle assembly	19/863	194/18670	0.00168379293702139	0.0318123193398785	0.0277289470067	PROX1/HNRNPU/DYNLL1/TPR/STAG2/TSG101/DYNC1H1/SYNE2/NUMA1/CHMP1B/CEP97/ODF2L/G3BP1/SENP6/ASAP1/NBDY/ULK1/G3BP2/IFT88	19
early_EEC_vs_goblet.up	early_EEC_vs_goblet	up	GO:1902036	regulation of hematopoietic stem cell differentiation	10/863	72/18670	0.00168399541182242	0.0318123193398785	0.0277289470067	N4BP2L2/PSMD2/PSMD4/LDB1/PSMC5/KMT2A/PSMB4/YTHDF2/PSMB1/PSMB3	10
early_EEC_vs_goblet.up	early_EEC_vs_goblet	up	GO:1905818	regulation of chromosome separation	9/863	62/18670	0.00207411764671707	0.0368792290533964	0.032145477264453	MAD1L1/IK/TPR/RAD21/CSNK2A1/NUMA1/LCMT1/CUL3/ZNF207	9
early_EEC_vs_goblet.up	early_EEC_vs_goblet	up	GO:0061842	microtubule organizing center localization	6/863	30/18670	0.00219430188844777	0.0388252358783453	0.0338416981387368	ARPC5/PARD3/DYNC1LI2/RANBP2/SYNE2/AKAP9	6
early_EEC_vs_goblet.up	early_EEC_vs_goblet	up	GO:0050434	positive regulation of viral transcription	7/863	41/18670	0.00249925596350304	0.0436068097798707	0.0380095177782754	RSF1/SMARCA4/NELFCD/SUPT4H1/DHX9/TAF11/EP300	7
early_EEC_vs_goblet.up	early_EEC_vs_goblet	up	GO:0032886	regulation of microtubule-based process	20/863	218/18670	0.00280012194460656	0.047841664244569	0.041700793908699	STMN1/CNIH2/MAP1B/MACF1/TAOK1/HNRNPU/GSK3B/STMN3/TPR/STAG2/DYNC1H1/NUMA1/CHMP1B/CEP97/TMEM67/SENP6/RANBP1/XPO1/CFAP20/AKAP9	20
early_EEC_vs_goblet.up	early_EEC_vs_goblet	up	GO:0032481	positive regulation of type I interferon production	10/863	77/18670	0.00280169617018249	0.047841664244569	0.041700793908699	XRCC5/ZBTB20/HMGB1/DHX36/PRKDC/DHX9/LRRFIP1/XRCC6/HMGB2/EP300	10
early_EEC_vs_goblet.up	early_EEC_vs_goblet	up	GO:0031345	negative regulation of cell projection organization	18/863	188/18670	0.00281768731758926	0.047841664244569	0.041700793908699	CBFA2T2/HDAC2/MAP4K4/RTN4/MDM2/GDI1/GSK3B/NR2F1/UBE3A/SEMA6A/CEP97/RYK/ODF2L/ASAP1/PTK2/FYN/PFN2/PPP3CA	18
early_EEC_vs_goblet.up	early_EEC_vs_goblet	up	GO:0031331	positive regulation of cellular catabolic process	29/863	361/18670	0.00283809490730266	0.047841664244569	0.041700793908699	MLXIPL/CD81/BNIP3L/ROCK1/TP53INP1/MDM2/SUMO2/ZBTB20/HMGB1/GSK3B/TRIM13/CALCOCO2/DHX36/TNRC6B/VPS13C/SUMO1/TMEM59/MAGEF1/CNOT7/GNAI3/VPS35/PUM1/BAG6/HNRNPR/YTHDF2/PTK2/ULK1/GCLC/CSNK1A1	29
early_EEC_vs_goblet.up	early_EEC_vs_goblet	up	GO:0035308	negative regulation of protein dephosphorylation	9/863	65/18670	0.00289034299506745	0.0482524038213088	0.0420588116890214	ROCK1/PPP1R14B/SET/GNAI2/GSK3B/YWHAE/PPP1R14C/BOD1/PPME1	9
early_EEC_vs_goblet.up	early_EEC_vs_goblet	up	GO:0023061	signal release	35/863	462/18670	0.00295144854854329	0.0489880886732374	0.042700065351001	SOX4/CPE/CADPS/RFX3/SCG5/CACNA1A/GNAS/RFX6/CHD7/HMGN3/NAAA/UCN3/PCLO/MAP4K4/KDM5B/DPP4/FOXA2/FFAR2/BAIAP3/DYNLL1/GSK3B/BACE1/ENY2/VPS35/HSPA8/PREPL/FBXL20/STXBP4/NF1/GLUL/SYT7/CREB1/SNX4/PFN2/PPP3CA	35
early_EEC_vs_goblet.up	early_EEC_vs_goblet	up	GO:0046883	regulation of hormone secretion	23/863	266/18670	0.00302171724820442	0.0496213371641412	0.0432520311997887	SOX4/RFX3/SCG5/CACNA1A/GNAS/RFX6/CHD7/HMGN3/UCN3/MAP4K4/KDM5B/DPP4/FOXA2/FFAR2/BAIAP3/DYNLL1/ENY2/STXBP4/GLUL/SYT7/CREB1/SNX4/PPP3CA	23
